thisN,thisTrialN,thisRepN,key_resp.keys,key_resp.corr,key_resp.rt,key_resp.duration,tilt,trials.thisRepN,trials.thisTrialN,trials.thisN,trials.thisIndex,thisRow.t,notes,piloting,trial.started,fixation.started,fixation.stopped,key_resp.started,trial.stopped,trials.key_resp.keys,trials.key_resp.corr,trials.key_resp.rt,trials.key_resp.duration,trials.tilt,participant,session,date,expName,expVersion,psychopyVersion,frameRate,expStart
0,0,0,up,0,0.4290619,None,-1,0,0,0,0,0.007947,,FALSE,0.0042006,0.007947,1.0130141,1.0130141,1.5764664,up,0,0.4290619,None,-1,337224,1,2026-09-10_22h50.01.636,Orientation Discrimination,,2026.2.3,60.01954237,2026-09-10 22h50.01.673172 +0530
1,0,1,up,0,0.5739934,None,-4,1,0,1,0,1.5806142,,,1.5767157,1.5806142,2.5801726,2.5801726,3.1635981,up,0,0.5739934,None,-4,337224,1,2026-09-10_22h50.01.636,Orientation Discrimination,,2026.2.3,60.01954237,2026-09-10 22h50.01.673172 +0530
2,0,2,up,1,0.6188165,None,0,2,0,2,0,3.179976,,,3.1638953,3.179976,4.179721,4.16307,4.7972198,up,1,0.6188165,None,0,337224,1,2026-09-10_22h50.01.636,Orientation Discrimination,,2026.2.3,60.01954237,2026-09-10 22h50.01.673172 +0530
3,0,3,down,1,0.706916,None,-5,3,0,3,0,4.8132258,,,4.7976492,4.8132258,5.813521,5.7967941,6.5139974,down,1,0.706916,None,-5,337224,1,2026-09-10_22h50.01.636,Orientation Discrimination,,2026.2.3,60.01954237,2026-09-10 22h50.01.673172 +0530
4,0,4,up,1,0.6663809,None,0,4,0,4,0,6.5307868,,,6.5144697,6.5307868,7.5457403,7.5295957,8.1971234,up,1,0.6663809,None,0,337224,1,2026-09-10_22h50.01.636,Orientation Discrimination,,2026.2.3,60.01954237,2026-09-10 22h50.01.673172 +0530
5,0,5,down,1,0.674659,None,1,5,0,5,0,8.2123479,,,8.1975868,8.2123479,9.2124741,9.2124741,9.8961044,down,1,0.674659,None,1,337224,1,2026-09-10_22h50.01.636,Orientation Discrimination,,2026.2.3,60.01954237,2026-09-10 22h50.01.673172 +0530
6,0,6,up,0,0.5414509,None,-4,6,0,6,0,9.9122224,,,9.8963574,9.9122224,10.9130505,10.8958837,11.4460649,up,0,0.5414509,None,-4,337224,1,2026-09-10_22h50.01.636,Orientation Discrimination,,2026.2.3,60.01954237,2026-09-10 22h50.01.673172 +0530
7,0,7,down,1,0.6719831,None,3,7,0,7,0,11.4621896,,,11.446335,11.4621896,12.4623654,12.4455182,13.1306348,down,1,0.6719831,None,3,337224,1,2026-09-10_22h50.01.636,Orientation Discrimination,,2026.2.3,60.01954237,2026-09-10 22h50.01.673172 +0530
8,0,8,up,0,0.87475,None,0,8,0,8,0,13.1456155,,,13.1311964,13.1456155,14.1472926,14.1472926,15.0291661,up,0,0.87475,None,0,337224,1,2026-09-10_22h50.01.636,Orientation Discrimination,,2026.2.3,60.01954237,2026-09-10 22h50.01.673172 +0530
9,0,9,up,1,0.7302794,None,0,9,0,9,0,15.0454524,,,15.0294517,15.0454524,16.0453037,16.0291779,16.7630268,up,1,0.7302794,None,0,337224,1,2026-09-10_22h50.01.636,Orientation Discrimination,,2026.2.3,60.01954237,2026-09-10 22h50.01.673172 +0530
10,0,10,down,0,0.6251152,None,0,10,0,10,0,16.7789861,,,16.7634386,16.7789861,17.7791132,17.7791132,18.4128138,down,0,0.6251152,None,0,337224,1,2026-09-10_22h50.01.636,Orientation Discrimination,,2026.2.3,60.01954237,2026-09-10 22h50.01.673172 +0530
11,0,11,down,1,0.7085233,None,-4,11,0,11,0,18.4288374,,,18.4133774,18.4288374,19.4288877,19.4121587,20.1298157,down,1,0.7085233,None,-4,337224,1,2026-09-10_22h50.01.636,Orientation Discrimination,,2026.2.3,60.01954237,2026-09-10 22h50.01.673172 +0530
12,0,12,down,0,0.6048359,None,0,12,0,12,0,20.1452928,,,20.1303072,20.1452928,21.1448763,21.1448763,21.7618012,down,0,0.6048359,None,0,337224,1,2026-09-10_22h50.01.636,Orientation Discrimination,,2026.2.3,60.01954237,2026-09-10 22h50.01.673172 +0530
13,0,13,down,1,0.6004843,None,-4,13,0,13,0,21.7780345,,,21.7620551,21.7780345,22.778109,22.7614856,23.378536,down,1,0.6004843,None,-4,337224,1,2026-09-10_22h50.01.636,Orientation Discrimination,,2026.2.3,60.01954237,2026-09-10 22h50.01.673172 +0530
14,0,14,down,1,0.5724749,None,2,14,0,14,0,23.3944961,,,23.3787819,23.3944961,24.3944904,24.3780446,24.9616756,down,1,0.5724749,None,2,337224,1,2026-09-10_22h50.01.636,Orientation Discrimination,,2026.2.3,60.01954237,2026-09-10 22h50.01.673172 +0530
15,0,15,up,1,0.6549962,None,0,15,0,15,0,24.9778657,,,24.9619139,24.9778657,25.9777326,25.9612614,26.6283914,up,1,0.6549962,None,0,337224,1,2026-09-10_22h50.01.636,Orientation Discrimination,,2026.2.3,60.01954237,2026-09-10 22h50.01.673172 +0530
16,0,16,down,1,0.6860092,None,0,16,0,16,0,26.6444856,,,26.6287243,26.6444856,27.644401,27.6276172,28.3292927,down,1,0.6860092,None,0,337224,1,2026-09-10_22h50.01.636,Orientation Discrimination,,2026.2.3,60.01954237,2026-09-10 22h50.01.673172 +0530
17,0,17,up,1,0.622664,None,0,17,0,17,0,28.3446077,,,28.3297358,28.3446077,29.3460361,29.3460361,29.9776939,up,1,0.622664,None,0,337224,1,2026-09-10_22h50.01.636,Orientation Discrimination,,2026.2.3,60.01954237,2026-09-10 22h50.01.673172 +0530
18,0,18,down,1,0.7009013,None,4,18,0,18,0,29.9939718,,,29.9779419,29.9939718,30.9940573,30.9782265,31.6950065,down,1,0.7009013,None,4,337224,1,2026-09-10_22h50.01.636,Orientation Discrimination,,2026.2.3,60.01954237,2026-09-10 22h50.01.673172 +0530
19,0,19,down,1,0.7216616,None,-3,19,0,19,0,31.7112002,,,31.6954401,31.7112002,32.7109851,32.6943674,33.428532,down,1,0.7216616,None,-3,337224,1,2026-09-10_22h50.01.636,Orientation Discrimination,,2026.2.3,60.01954237,2026-09-10 22h50.01.673172 +0530
20,0,20,down,1,0.612389,None,-5,20,0,20,0,33.4444878,,,33.4289905,33.4444878,34.4442914,34.4442914,35.0622205,down,1,0.612389,None,-5,337224,1,2026-09-10_22h50.01.636,Orientation Discrimination,,2026.2.3,60.01954237,2026-09-10 22h50.01.673172 +0530
21,0,21,up,1,0.5522335,None,0,21,0,21,0,35.0779996,,,35.0627107,35.0779996,36.0776751,36.0776751,36.6449311,up,1,0.5522335,None,0,337224,1,2026-09-10_22h50.01.636,Orientation Discrimination,,2026.2.3,60.01954237,2026-09-10 22h50.01.673172 +0530
22,0,22,up,1,0.7310486,None,0,22,0,22,0,36.6607003,,,36.6453129,36.6607003,37.6609488,37.6441527,38.378406,up,1,0.7310486,None,0,337224,1,2026-09-10_22h50.01.636,Orientation Discrimination,,2026.2.3,60.01954237,2026-09-10 22h50.01.673172 +0530
23,0,23,down,1,0.8008655,None,4,23,0,23,0,38.3937031,,,38.3789626,38.3937031,39.3939628,39.3775925,40.1791888,down,1,0.8008655,None,4,337224,1,2026-09-10_22h50.01.636,Orientation Discrimination,,2026.2.3,60.01954237,2026-09-10 22h50.01.673172 +0530
24,0,24,down,0,0.613174,None,0,24,0,24,0,40.1939139,,,40.1796976,40.1939139,41.1939717,41.1939717,41.8113679,down,0,0.613174,None,0,337224,1,2026-09-10_22h50.01.636,Orientation Discrimination,,2026.2.3,60.01954237,2026-09-10 22h50.01.673172 +0530
25,0,25,up,0,0.7538504,None,0,25,0,25,0,41.8275912,,,41.8117913,41.8275912,42.8277377,42.8277377,43.5948631,up,0,0.7538504,None,0,337224,1,2026-09-10_22h50.01.636,Orientation Discrimination,,2026.2.3,60.01954237,2026-09-10 22h50.01.673172 +0530
26,0,26,down,1,0.465279,None,3,26,0,26,0,43.6103124,,,43.5953836,43.6103124,44.6104968,44.6104968,45.0783578,down,1,0.465279,None,3,337224,1,2026-09-10_22h50.01.636,Orientation Discrimination,,2026.2.3,60.01954237,2026-09-10 22h50.01.673172 +0530
27,0,27,up,1,0.5419952,None,0,27,0,27,0,45.0935087,,,45.078772,45.0935087,46.0931199,46.0931199,46.6433142,up,1,0.5419952,None,0,337224,1,2026-09-10_22h50.01.636,Orientation Discrimination,,2026.2.3,60.01954237,2026-09-10 22h50.01.673172 +0530
28,0,28,up,0,0.6393243,None,1,28,0,28,0,46.6594977,,,46.6436211,46.6594977,47.6597008,47.6429657,48.2931791,up,0,0.6393243,None,1,337224,1,2026-09-10_22h50.01.636,Orientation Discrimination,,2026.2.3,60.01954237,2026-09-10 22h50.01.673172 +0530
29,0,29,up,1,0.6477871,None,0,29,0,29,0,48.3094279,,,48.2934199,48.3094279,49.3095903,49.2928893,49.9427717,up,1,0.6477871,None,0,337224,1,2026-09-10_22h50.01.636,Orientation Discrimination,,2026.2.3,60.01954237,2026-09-10 22h50.01.673172 +0530
30,0,30,down,0,0.4231555,None,0,30,0,30,0,49.9594068,,,49.9429367,49.9594068,50.9593786,50.9427412,51.3762064,down,0,0.4231555,None,0,337224,1,2026-09-10_22h50.01.636,Orientation Discrimination,,2026.2.3,60.01954237,2026-09-10 22h50.01.673172 +0530
31,0,31,up,0,0.8157157,None,2,31,0,31,0,51.3924267,,,51.3764604,51.3924267,52.3925367,52.3758165,53.1931456,up,0,0.8157157,None,2,337224,1,2026-09-10_22h50.01.636,Orientation Discrimination,,2026.2.3,60.01954237,2026-09-10 22h50.01.673172 +0530
32,0,32,up,0,0.7211218,None,0,32,0,32,0,53.2095013,,,53.1934373,53.2095013,54.2093416,54.1928634,54.9267446,up,0,0.7211218,None,0,337224,1,2026-09-10_22h50.01.636,Orientation Discrimination,,2026.2.3,60.01954237,2026-09-10 22h50.01.673172 +0530
33,0,33,up,0,0.6491697,None,0,33,0,33,0,54.9425814,,,54.9272081,54.9425814,55.9427091,55.926114,56.5779106,up,0,0.6491697,None,0,337224,1,2026-09-10_22h50.01.636,Orientation Discrimination,,2026.2.3,60.01954237,2026-09-10 22h50.01.673172 +0530
34,0,34,up,0,0.5494332,None,0,34,0,34,0,56.5930891,,,56.5783744,56.5930891,57.5925191,57.5925191,58.1449883,up,0,0.5494332,None,0,337224,1,2026-09-10_22h50.01.636,Orientation Discrimination,,2026.2.3,60.01954237,2026-09-10 22h50.01.673172 +0530
35,0,35,up,1,0.5461195,None,0,35,0,35,0,58.1593586,,,58.1454795,58.1593586,59.1600291,59.1600291,59.7101684,up,1,0.5461195,None,0,337224,1,2026-09-10_22h50.01.636,Orientation Discrimination,,2026.2.3,60.01954237,2026-09-10 22h50.01.673172 +0530
36,0,36,up,1,0.4733412,None,0,36,0,36,0,59.7254981,,,59.7106926,59.7254981,60.7255124,60.7255124,61.2087967,up,1,0.4733412,None,0,337224,1,2026-09-10_22h50.01.636,Orientation Discrimination,,2026.2.3,60.01954237,2026-09-10 22h50.01.673172 +0530
37,0,37,up,1,0.4657052,None,0,37,0,37,0,61.2251347,,,61.2090102,61.2251347,62.2251979,62.2087493,62.6753201,up,1,0.4657052,None,0,337224,1,2026-09-10_22h50.01.636,Orientation Discrimination,,2026.2.3,60.01954237,2026-09-10 22h50.01.673172 +0530
38,0,38,up,0,0.536651,None,-1,38,0,38,0,62.6916588,,,62.6755637,62.6916588,63.6917022,63.675433,64.2252945,up,0,0.536651,None,-1,337224,1,2026-09-10_22h50.01.636,Orientation Discrimination,,2026.2.3,60.01954237,2026-09-10 22h50.01.673172 +0530
39,0,39,down,0,0.4798509,None,0,39,0,39,0,64.2419484,,,64.2255195,64.2419484,65.2422112,65.2256191,65.7086124,down,0,0.4798509,None,0,337224,1,2026-09-10_22h50.01.636,Orientation Discrimination,,2026.2.3,60.01954237,2026-09-10 22h50.01.673172 +0530
40,0,40,up,1,0.5822691,None,0,40,0,40,0,65.724947,,,65.7088463,65.724947,66.7252231,66.7088544,67.2923115,up,1,0.5822691,None,0,337224,1,2026-09-10_22h50.01.636,Orientation Discrimination,,2026.2.3,60.01954237,2026-09-10 22h50.01.673172 +0530
41,0,41,up,1,0.6745975,None,0,41,0,41,0,67.3082751,,,67.2926999,67.3082751,68.3078824,68.3078824,68.9914702,up,1,0.6745975,None,0,337224,1,2026-09-10_22h50.01.636,Orientation Discrimination,,2026.2.3,60.01954237,2026-09-10 22h50.01.673172 +0530
42,0,42,down,0,0.5187157,None,0,42,0,42,0,69.0080185,,,68.9916942,69.0080185,70.0088276,69.9914595,70.5261167,down,0,0.5187157,None,0,337224,1,2026-09-10_22h50.01.636,Orientation Discrimination,,2026.2.3,60.01954237,2026-09-10 22h50.01.673172 +0530
43,0,43,up,0,0.533434,None,1,43,0,43,0,70.5412209,,,70.5266169,70.5412209,71.5416272,71.5416272,72.0914117,up,0,0.533434,None,1,337224,1,2026-09-10_22h50.01.636,Orientation Discrimination,,2026.2.3,60.01954237,2026-09-10 22h50.01.673172 +0530
44,0,44,down,0,0.5357027,None,0,44,0,44,0,72.1077218,,,72.0915893,72.1077218,73.1077666,73.0909577,73.6413467,down,0,0.5357027,None,0,337224,1,2026-09-10_22h50.01.636,Orientation Discrimination,,2026.2.3,60.01954237,2026-09-10 22h50.01.673172 +0530
45,0,45,up,1,0.5868112,None,0,45,0,45,0,73.6576054,,,73.6415917,73.6576054,74.657668,74.6409236,75.2412841,up,1,0.5868112,None,0,337224,1,2026-09-10_22h50.01.636,Orientation Discrimination,,2026.2.3,60.01954237,2026-09-10 22h50.01.673172 +0530
46,0,46,up,0,0.7074061,None,4,46,0,46,0,75.2573468,,,75.2415344,75.2573468,76.2576392,76.241177,76.9584538,up,0,0.7074061,None,4,337224,1,2026-09-10_22h50.01.636,Orientation Discrimination,,2026.2.3,60.01954237,2026-09-10 22h50.01.673172 +0530
47,0,47,down,1,0.8478886,None,-3,47,0,47,0,76.9742872,,,76.9588888,76.9742872,77.9747906,77.9747906,78.8255631,down,1,0.8478886,None,-3,337224,1,2026-09-10_22h50.01.636,Orientation Discrimination,,2026.2.3,60.01954237,2026-09-10 22h50.01.673172 +0530
48,0,48,down,1,0.8158477,None,-2,48,0,48,0,78.841093,,,78.8261703,78.841093,79.8410068,79.8410068,80.659584,down,1,0.8158477,None,-2,337224,1,2026-09-10_22h50.01.636,Orientation Discrimination,,2026.2.3,60.01954237,2026-09-10 22h50.01.673172 +0530
49,0,49,up,1,0.7166161,None,0,49,0,49,0,80.6741823,,,80.6599314,80.6741823,81.6742054,81.6742054,82.3925312,up,1,0.7166161,None,0,337224,1,2026-09-10_22h50.01.636,Orientation Discrimination,,2026.2.3,60.01954237,2026-09-10 22h50.01.673172 +0530
50,0,50,up,0,0.8724912,None,0,50,0,50,0,82.4074625,,,82.3929783,82.4074625,83.4077588,83.4077588,84.2904998,up,0,0.8724912,None,0,337224,1,2026-09-10_22h50.01.636,Orientation Discrimination,,2026.2.3,60.01954237,2026-09-10 22h50.01.673172 +0530
51,0,51,up,0,0.7891874,None,0,51,0,51,0,84.3071961,,,84.2907169,84.3071961,85.3074499,85.290707,86.0908565,up,0,0.7891874,None,0,337224,1,2026-09-10_22h50.01.636,Orientation Discrimination,,2026.2.3,60.01954237,2026-09-10 22h50.01.673172 +0530
52,0,52,down,1,0.5912306,None,-2,52,0,52,0,86.1071076,,,86.0913849,86.1071076,87.1074096,87.0904274,87.6910684,down,1,0.5912306,None,-2,337224,1,2026-09-10_22h50.01.636,Orientation Discrimination,,2026.2.3,60.01954237,2026-09-10 22h50.01.673172 +0530
53,0,53,up,0,0.6244542,None,0,53,0,53,0,87.7066035,,,87.691492,87.7066035,88.70703,88.6903706,89.3248636,up,0,0.6244542,None,0,337224,1,2026-09-10_22h50.01.636,Orientation Discrimination,,2026.2.3,60.01954237,2026-09-10 22h50.01.673172 +0530
54,0,54,down,0,0.5670003,None,0,54,0,54,0,89.3405084,,,89.3252295,89.3405084,90.3399218,90.3399218,90.9233358,down,0,0.5670003,None,0,337224,1,2026-09-10_22h50.01.636,Orientation Discrimination,,2026.2.3,60.01954237,2026-09-10 22h50.01.673172 +0530
55,0,55,down,1,0.6677298,None,-4,55,0,55,0,90.9396886,,,90.9235321,90.9396886,91.939689,91.9230717,92.6066872,down,1,0.6677298,None,-4,337224,1,2026-09-10_22h50.01.636,Orientation Discrimination,,2026.2.3,60.01954237,2026-09-10 22h50.01.673172 +0530
56,0,56,down,1,0.5605893,None,-3,56,0,56,0,92.6228686,,,92.6069419,92.6228686,93.6236526,93.6065596,94.1738182,down,1,0.5605893,None,-3,337224,1,2026-09-10_22h50.01.636,Orientation Discrimination,,2026.2.3,60.01954237,2026-09-10 22h50.01.673172 +0530
57,0,57,up,1,0.6227825,None,0,57,0,57,0,94.189666,,,94.1741724,94.189666,95.1895073,95.1895073,95.8233205,up,1,0.6227825,None,0,337224,1,2026-09-10_22h50.01.636,Orientation Discrimination,,2026.2.3,60.01954237,2026-09-10 22h50.01.673172 +0530
58,0,58,down,0,0.6251483,None,0,58,0,58,0,95.8391838,,,95.8236917,95.8391838,96.8391981,96.8226251,97.4564403,down,0,0.6251483,None,0,337224,1,2026-09-10_22h50.01.636,Orientation Discrimination,,2026.2.3,60.01954237,2026-09-10 22h50.01.673172 +0530
59,0,59,up,1,0.5603567,None,0,59,0,59,0,97.472464,,,97.4566891,97.472464,98.4726312,98.4558247,99.0228367,up,1,0.5603567,None,0,337224,1,2026-09-10_22h50.01.636,Orientation Discrimination,,2026.2.3,60.01954237,2026-09-10 22h50.01.673172 +0530
60,0,60,up,0,0.6219324,None,1,60,0,60,0,99.0390543,,,99.0231934,99.0390543,100.0390577,100.0237202,100.6565856,up,0,0.6219324,None,1,337224,1,2026-09-10_22h50.01.636,Orientation Discrimination,,2026.2.3,60.01954237,2026-09-10 22h50.01.673172 +0530
61,0,61,down,1,0.7285713,None,3,61,0,61,0,100.6726531,,,100.6569039,100.6726531,101.6722982,101.6722982,102.4065361,down,1,0.7285713,None,3,337224,1,2026-09-10_22h50.01.636,Orientation Discrimination,,2026.2.3,60.01954237,2026-09-10 22h50.01.673172 +0530
62,0,62,up,1,0.5815325,None,0,62,0,62,0,102.422495,,,102.4068504,102.422495,103.4231624,103.4060957,103.9898334,up,1,0.5815325,None,0,337224,1,2026-09-10_22h50.01.636,Orientation Discrimination,,2026.2.3,60.01954237,2026-09-10 22h50.01.673172 +0530
63,0,63,up,0,0.6612751,None,2,63,0,63,0,104.0056328,,,103.9901799,104.0056328,105.0058977,105.0058977,105.6731102,up,0,0.6612751,None,2,337224,1,2026-09-10_22h50.01.636,Orientation Discrimination,,2026.2.3,60.01954237,2026-09-10 22h50.01.673172 +0530
64,0,64,down,1,0.6527338,None,3,64,0,64,0,105.6889933,,,105.6735137,105.6889933,106.6896626,106.6727218,107.3400206,down,1,0.6527338,None,3,337224,1,2026-09-10_22h50.01.636,Orientation Discrimination,,2026.2.3,60.01954237,2026-09-10 22h50.01.673172 +0530
65,0,65,up,0,0.638422,None,1,65,0,65,0,107.3559901,,,107.34058,107.3559901,108.3558217,108.3558217,109.0072756,up,0,0.638422,None,1,337224,1,2026-09-10_22h50.01.636,Orientation Discrimination,,2026.2.3,60.01954237,2026-09-10 22h50.01.673172 +0530
66,0,66,up,0,1.0740965,None,-2,66,0,66,0,109.0219707,,,109.0078734,109.0219707,110.0227021,110.0227021,111.1064499,up,0,1.0740965,None,-2,337224,1,2026-09-10_22h50.01.636,Orientation Discrimination,,2026.2.3,60.01954237,2026-09-10 22h50.01.673172 +0530
67,0,67,up,1,0.7320283,None,0,67,0,67,0,111.1220172,,,111.106811,111.1220172,112.1222021,112.1222021,112.8570912,up,1,0.7320283,None,0,337224,1,2026-09-10_22h50.01.636,Orientation Discrimination,,2026.2.3,60.01954237,2026-09-10 22h50.01.673172 +0530
68,0,68,up,0,0.6823452,None,-1,68,0,68,0,112.8712878,,,112.8574531,112.8712878,113.871909,113.871909,114.5556304,up,0,0.6823452,None,-1,337224,1,2026-09-10_22h50.01.636,Orientation Discrimination,,2026.2.3,60.01954237,2026-09-10 22h50.01.673172 +0530
69,0,69,up,1,0.6877906,None,0,69,0,69,0,114.5716708,,,114.5559286,114.5716708,115.5717038,115.5717038,116.27251,up,1,0.6877906,None,0,337224,1,2026-09-10_22h50.01.636,Orientation Discrimination,,2026.2.3,60.01954237,2026-09-10 22h50.01.673172 +0530
70,0,70,up,1,0.4812098,None,0,70,0,70,0,116.2880814,,,116.273387,116.2880814,117.2889846,117.2889846,117.7731686,up,1,0.4812098,None,0,337224,1,2026-09-10_22h50.01.636,Orientation Discrimination,,2026.2.3,60.01954237,2026-09-10 22h50.01.673172 +0530
71,0,71,up,1,0.7935022,None,0,71,0,71,0,117.7883253,,,117.773549,117.7883253,118.7880502,118.7880502,119.588459,up,1,0.7935022,None,0,337224,1,2026-09-10_22h50.01.636,Orientation Discrimination,,2026.2.3,60.01954237,2026-09-10 22h50.01.673172 +0530
72,0,72,down,1,0.5630134,None,-4,72,0,72,0,119.6050453,,,119.5889989,119.6050453,120.6042491,120.6042491,121.1710137,down,1,0.5630134,None,-4,337224,1,2026-09-10_22h50.01.636,Orientation Discrimination,,2026.2.3,60.01954237,2026-09-10 22h50.01.673172 +0530
73,0,73,down,1,0.6920798,None,4,73,0,73,0,121.1874701,,,121.1712702,121.1874701,122.1873171,122.1711084,122.8712087,down,1,0.6920798,None,4,337224,1,2026-09-10_22h50.01.636,Orientation Discrimination,,2026.2.3,60.01954237,2026-09-10 22h50.01.673172 +0530
74,0,74,down,1,0.4667354,None,-5,74,0,74,0,122.8872544,,,122.8714629,122.8872544,123.8873129,123.8705293,124.3544217,down,1,0.4667354,None,-5,337224,1,2026-09-10_22h50.01.636,Orientation Discrimination,,2026.2.3,60.01954237,2026-09-10 22h50.01.673172 +0530
75,0,75,down,1,0.6051095,None,-3,75,0,75,0,124.3710777,,,124.3546308,124.3710777,125.3705304,125.3539013,125.9707361,down,1,0.6051095,None,-3,337224,1,2026-09-10_22h50.01.636,Orientation Discrimination,,2026.2.3,60.01954237,2026-09-10 22h50.01.673172 +0530
76,0,76,down,0,0.7051348,None,0,76,0,76,0,125.9869538,,,125.9709675,125.9869538,126.9873876,126.9713981,127.6879405,down,0,0.7051348,None,0,337224,1,2026-09-10_22h50.01.636,Orientation Discrimination,,2026.2.3,60.01954237,2026-09-10 22h50.01.673172 +0530
77,0,77,up,1,0.5085811,None,0,77,0,77,0,127.7041882,,,127.688324,127.7041882,128.7038912,128.6873119,129.2053105,up,1,0.5085811,None,0,337224,1,2026-09-10_22h50.01.636,Orientation Discrimination,,2026.2.3,60.01954237,2026-09-10 22h50.01.673172 +0530
78,0,78,down,1,0.582577,None,-5,78,0,78,0,129.220165,,,129.2056485,129.220165,130.2204657,130.2204657,130.8048066,down,1,0.582577,None,-5,337224,1,2026-09-10_22h50.01.636,Orientation Discrimination,,2026.2.3,60.01954237,2026-09-10 22h50.01.673172 +0530
79,0,79,up,1,0.5340435,None,0,79,0,79,0,130.8206891,,,130.8052546,130.8206891,131.821115,131.804638,132.3393881,up,1,0.5340435,None,0,337224,1,2026-09-10_22h50.01.636,Orientation Discrimination,,2026.2.3,60.01954237,2026-09-10 22h50.01.673172 +0530
80,0,80,up,1,0.6790277,None,0,80,0,80,0,132.3540127,,,132.3398747,132.3540127,133.3538257,133.3538257,134.0384363,up,1,0.6790277,None,0,337224,1,2026-09-10_22h50.01.636,Orientation Discrimination,,2026.2.3,60.01954237,2026-09-10 22h50.01.673172 +0530
81,0,81,up,1,0.6444957,None,0,81,0,81,0,134.0539574,,,134.0388715,134.0539574,135.0534012,135.0534012,135.7044333,up,1,0.6444957,None,0,337224,1,2026-09-10_22h50.01.636,Orientation Discrimination,,2026.2.3,60.01954237,2026-09-10 22h50.01.673172 +0530
82,0,82,down,1,0.8032923,None,-2,82,0,82,0,135.7202461,,,135.7048464,135.7202461,136.7197659,136.7197659,137.5365103,down,1,0.8032923,None,-2,337224,1,2026-09-10_22h50.01.636,Orientation Discrimination,,2026.2.3,60.01954237,2026-09-10 22h50.01.673172 +0530
83,0,83,up,0,0.3727872,None,-1,83,0,83,0,137.5529152,,,137.5367889,137.5529152,138.552951,138.5360833,138.9202112,up,0,0.3727872,None,-1,337224,1,2026-09-10_22h50.01.636,Orientation Discrimination,,2026.2.3,60.01954237,2026-09-10 22h50.01.673172 +0530
84,0,84,down,1,1.8845888,None,3,84,0,84,0,138.9363706,,,138.9207602,138.9363706,139.9361026,139.9200336,141.8209245,down,1,1.8845888,None,3,337224,1,2026-09-10_22h50.01.636,Orientation Discrimination,,2026.2.3,60.01954237,2026-09-10 22h50.01.673172 +0530
85,0,85,up,0,0.7573214,None,0,85,0,85,0,141.8360949,,,141.8214549,141.8360949,142.836668,142.836668,143.6033028,up,0,0.7573214,None,0,337224,1,2026-09-10_22h50.01.636,Orientation Discrimination,,2026.2.3,60.01954237,2026-09-10 22h50.01.673172 +0530
86,0,86,up,1,0.7825368,None,0,86,0,86,0,143.619295,,,143.6035637,143.619295,144.6196429,144.6029862,145.3878832,up,1,0.7825368,None,0,337224,1,2026-09-10_22h50.01.636,Orientation Discrimination,,2026.2.3,60.01954237,2026-09-10 22h50.01.673172 +0530
87,0,87,down,1,0.7235458,None,-5,87,0,87,0,145.4027358,,,145.3882494,145.4027358,146.4022346,146.4022346,147.1360152,down,1,0.7235458,None,-5,337224,1,2026-09-10_22h50.01.636,Orientation Discrimination,,2026.2.3,60.01954237,2026-09-10 22h50.01.673172 +0530
88,0,88,up,1,0.8478312,None,0,88,0,88,0,147.1523402,,,147.136178,147.1523402,148.1523653,148.1356109,148.9855459,up,1,0.8478312,None,0,337224,1,2026-09-10_22h50.01.636,Orientation Discrimination,,2026.2.3,60.01954237,2026-09-10 22h50.01.673172 +0530
89,0,89,down,1,0.6927594,None,0,89,0,89,0,149.0020677,,,148.985819,149.0020677,150.0021309,149.9854885,150.6859115,down,1,0.6927594,None,0,337224,1,2026-09-10_22h50.01.636,Orientation Discrimination,,2026.2.3,60.01954237,2026-09-10 22h50.01.673172 +0530
90,0,90,up,0,1.3613907,None,-4,90,0,90,0,150.7019606,,,150.6861497,150.7019606,151.7020509,151.6853469,153.0522363,up,0,1.3613907,None,-4,337224,1,2026-09-10_22h50.01.636,Orientation Discrimination,,2026.2.3,60.01954237,2026-09-10 22h50.01.673172 +0530
91,0,91,up,1,0.7073102,None,0,91,0,91,0,153.0683372,,,153.052499,153.0683372,154.0686441,154.0517644,154.7688026,up,1,0.7073102,None,0,337224,1,2026-09-10_22h50.01.636,Orientation Discrimination,,2026.2.3,60.01954237,2026-09-10 22h50.01.673172 +0530
92,0,92,up,1,0.7489748,None,0,92,0,92,0,154.7848292,,,154.7690328,154.7848292,155.7852305,155.7682611,156.518857,up,1,0.7489748,None,0,337224,1,2026-09-10_22h50.01.636,Orientation Discrimination,,2026.2.3,60.01954237,2026-09-10 22h50.01.673172 +0530
93,0,93,up,0,0.813302,None,-1,93,0,93,0,156.5347671,,,156.5191299,156.5347671,157.5352634,157.5185371,158.3355189,up,0,0.813302,None,-1,337224,1,2026-09-10_22h50.01.636,Orientation Discrimination,,2026.2.3,60.01954237,2026-09-10 22h50.01.673172 +0530
94,0,94,up,1,0.7478475,None,0,94,0,94,0,158.3516799,,,158.3358575,158.3516799,159.3516032,159.3347301,160.0850008,up,1,0.7478475,None,0,337224,1,2026-09-10_22h50.01.636,Orientation Discrimination,,2026.2.3,60.01954237,2026-09-10 22h50.01.673172 +0530
95,0,95,down,1,0.7771078,None,-3,95,0,95,0,160.101457,,,160.0853419,160.101457,161.1994203,161.0845069,161.8681989,down,1,0.7771078,None,-3,337224,1,2026-09-10_22h50.01.636,Orientation Discrimination,,2026.2.3,60.01954237,2026-09-10 22h50.01.673172 +0530
96,0,96,up,0,0.9822095,None,-1,96,0,96,0,161.8843656,,,161.8684873,161.8843656,162.8848932,162.8680374,163.8527557,up,0,0.9822095,None,-1,337224,1,2026-09-10_22h50.01.636,Orientation Discrimination,,2026.2.3,60.01954237,2026-09-10 22h50.01.673172 +0530
97,0,97,up,1,0.5972942,None,0,97,0,97,0,163.8681186,,,163.8531707,163.8681186,164.8683593,164.8683593,165.4676867,up,1,0.5972942,None,0,337224,1,2026-09-10_22h50.01.636,Orientation Discrimination,,2026.2.3,60.01954237,2026-09-10 22h50.01.673172 +0530
98,0,98,down,1,1.0417197,None,4,98,0,98,0,165.4841474,,,165.4678778,165.4841474,166.484139,166.4674505,167.5185037,down,1,1.0417197,None,4,337224,1,2026-09-10_22h50.01.636,Orientation Discrimination,,2026.2.3,60.01954237,2026-09-10 22h50.01.673172 +0530
99,0,99,up,1,0.6892311,None,0,99,0,99,0,167.5343125,,,167.5189172,167.5343125,168.5365118,168.5178825,169.2189627,up,1,0.6892311,None,0,337224,1,2026-09-10_22h50.01.636,Orientation Discrimination,,2026.2.3,60.01954237,2026-09-10 22h50.01.673172 +0530
